INSERT INTO users (username, password, sex, age, job, signature, region)
VALUES
    ('user1', 'password1', 'M', 25, 'Engineer', 'I love coding!', 'City1'),
    ('user2', 'password2', 'F', 30, 'Teacher', 'Education is the key!', 'City2'),
    ('user3', 'password3', 'M', 22, 'Student', 'Learning every day!', 'City3'),
    ('user4', 'password4', 'F', 35, 'Doctor', 'Saving lives!', 'City4'),
    ('user5', 'password5', 'M', 28, 'Designer', 'Creativity is my passion!', 'City5'),
    ('user6', 'password6', 'F', 32, 'Manager', 'Leading a great team!', 'City6'),
    ('user7', 'password7', 'M', 27, 'Artist', 'Painting the world!', 'City7'),
    ('user8', 'password8', 'F', 40, 'Engineer', 'Innovation drives me!', 'City8');   

INSERT INTO food (id, name)
VALUES
    (1, 'Apple'),
    (2, 'Banana'),
    (3, 'Orange'),
    (4, 'Grapes'),
    (5, 'Strawberry'),
    (6, 'Blueberry'),
    (7, 'Watermelon'),
    (8, 'Pineapple');

INSERT INTO data_record (user_id, record_time, conditions, symptoms, treatments)
VALUES
    (1, '2024-01-05 12:30:00', 'Healthy', 'None', 'None'),
    (5, '2024-01-05 13:45:00', 'Fever', 'Headache', 'Medication'),
    (3, '2024-01-05 14:20:00', 'Allergies', 'Sneezing', 'Antihistamines'),
    (4, '2024-01-05 15:10:00', 'Stomachache', 'Nausea', 'Rest'),
    (1, '2024-01-06 09:00:00', 'Cough', 'Sore Throat', 'Cough Syrup'),
    (5, '2024-01-06 10:30:00', 'Healthy', 'None', 'None'),
    (3, '2024-01-06 11:15:00', 'Headache', 'Dizziness', 'Rest'),
    (4, '2024-01-06 12:00:00', 'Fever', 'Body Ache', 'Medication'),
    (1, '2024-01-07 14:45:00', 'Healthy', 'None', 'None'),
    (5, '2024-01-07 15:30:00', 'Cough', 'Runny Nose', 'Cough Drops'),
    (3, '2024-01-07 16:15:00', 'Healthy', 'None', 'None'),
    (4, '2024-01-08 08:30:00', 'Stomachache', 'Diarrhea', 'Fluids'),
    (1, '2024-01-08 09:45:00', 'Fever', 'Headache', 'Medication'),
    (5, '2024-01-08 10:20:00', 'Healthy', 'None', 'None'),
    (3, '2024-01-08 11:30:00', 'Cough', 'Sore Throat', 'Cough Syrup'),
    (4, '2024-01-09 13:15:00', 'Healthy', 'None', 'None'),
    (1, '2024-01-09 14:00:00', 'Stomachache', 'Nausea', 'Rest'),
    (5, '2024-01-09 15:30:00', 'Fever', 'Body Ache', 'Medication'),
    (3, '2024-01-09 16:45:00', 'Healthy', 'None', 'None'),
    (4, '2024-01-10 10:00:00', 'Headache', 'Dizziness', 'Rest'),
    (1, '2024-01-10 14:30:00', 'Cough', 'Runny Nose', 'Cough Drops'),
    (5, '2024-01-11 09:45:00', 'Stomachache', 'Diarrhea', 'Fluids'),
    (3, '2024-01-11 10:30:00', 'Fever', 'Headache', 'Medication'),
    (4, '2024-01-11 11:15:00', 'Healthy', 'None', 'None'),
    (1, '2024-01-12 13:00:00', 'Headache', 'Dizziness', 'Rest');

INSERT INTO data_recommendation (user_id, record_time, recommendation_time, recommendation_id, food_id)
VALUES
    (1, '2024-01-05 12:30:00', '2024-01-05 12:45:00', 1, 1),
    (5, '2024-01-05 13:45:00', '2024-01-05 14:00:00', 2, 3),
    (3, '2024-01-05 14:20:00', '2024-01-05 14:35:00', 3, 6),
    (4, '2024-01-05 15:10:00', '2024-01-05 15:25:00', 4, 4),
    (1, '2024-01-06 09:00:00', '2024-01-06 09:15:00', 5, 2),
    (5, '2024-01-06 10:30:00', '2024-01-06 10:45:00', 6, 8),
    (3, '2024-01-06 11:15:00', '2024-01-06 11:30:00', 7, 5),
    (4, '2024-01-06 12:00:00', '2024-01-06 12:15:00', 8, 7),
    (1, '2024-01-07 14:45:00', '2024-01-07 15:00:00', 9, 3),
    (5, '2024-01-07 15:30:00', '2024-01-07 15:45:00', 10, 5),
    (3, '2024-01-07 16:15:00', '2024-01-07 16:30:00', 11, 1),
    (4, '2024-01-08 08:30:00', '2024-01-08 08:45:00', 12, 4),
    (1, '2024-01-08 09:45:00', '2024-01-08 10:00:00', 13, 2),
    (5, '2024-01-08 10:20:00', '2024-01-08 10:35:00', 14, 6),
    (3, '2024-01-08 11:30:00', '2024-01-08 11:45:00', 15, 8),
    (4, '2024-01-09 13:15:00', '2024-01-09 13:30:00', 16, 7),
    (1, '2024-01-09 14:00:00', '2024-01-09 14:15:00', 17, 1),
    (5, '2024-01-09 15:30:00', '2024-01-09 15:45:00', 18, 3),
    (3, '2024-01-09 16:45:00', '2024-01-09 17:00:00', 19, 4),
    (4, '2024-01-10 10:00:00', '2024-01-10 10:15:00', 20, 5),
    (1, '2024-01-10 14:30:00', '2024-01-10 14:45:00', 21, 6),
    (5, '2024-01-11 09:45:00', '2024-01-11 10:00:00', 22, 7),
    (3, '2024-01-11 10:30:00', '2024-01-11 10:45:00', 23, 8),
    (4, '2024-01-11 11:15:00', '2024-01-11 11:30:00', 24, 1),
    (1, '2024-01-12 13:00:00', '2024-01-12 13:15:00', 25, 2);

INSERT INTO date_record (user_id, food_id, mealtime, datetime, quantity)
VALUES
    (1, 1, 'B', '2024-01-05', 2),
    (5, 3, 'L', '2024-01-05', 1),
    (3, 6, 'D', '2024-01-05', 1),
    (4, 4, 'B', '2024-01-05', 3),
    (1, 2, 'L', '2024-01-06', 1),
    (5, 8, 'D', '2024-01-06', 2),
    (3, 5, 'B', '2024-01-06', 1),
    (4, 7, 'L', '2024-01-06', 1),
    (1, 3, 'D', '2024-01-07', 2),
    (5, 5, 'B', '2024-01-07', 1),
    (3, 1, 'L', '2024-01-07', 1),
    (4, 4, 'D', '2024-01-08', 3),
    (1, 2, 'B', '2024-01-08', 1),
    (5, 6, 'L', '2024-01-08', 2),
    (3, 8, 'D', '2024-01-08', 1),
    (4, 7, 'B', '2024-01-09', 2),
    (1, 1, 'L', '2024-01-09', 1),
    (5, 3, 'D', '2024-01-09', 1),
    (3, 4, 'B', '2024-01-09', 1),
    (4, 5, 'L', '2024-01-10', 2),
    (1, 6, 'D', '2024-01-10', 1),
    (5, 7, 'B', '2024-01-10', 1),
    (3, 8, 'L', '2024-01-11', 2),
    (4, 1, 'D', '2024-01-11', 1),
    (1, 2, 'B', '2024-01-11', 1);

INSERT INTO date_recommendation (user_id, recommendation_time, recommendation_id, food_id)
VALUES
    (1, '2024-01-05 12:45:00', 1, 1),
    (5, '2024-01-05 14:00:00', 2, 3),
    (3, '2024-01-05 14:35:00', 3, 6),
    (4, '2024-01-05 15:25:00', 4, 4),
    (1, '2024-01-06 09:15:00', 5, 2),
    (3, '2024-01-06 11:30:00', 6, 5),
    (4, '2024-01-06 12:15:00', 7, 7),
    (1, '2024-01-07 15:00:00', 8, 3),
    (5, '2024-01-07 15:45:00', 9, 5),
    (3, '2024-01-07 16:30:00', 10, 1),
    (4, '2024-01-08 08:45:00', 11, 4),
    (1, '2024-01-08 10:00:00', 12, 2),
    (3, '2024-01-08 11:45:00', 13, 8),
    (4, '2024-01-09 13:30:00', 14, 7),
    (1, '2024-01-09 14:15:00', 15, 1),
    (5, '2024-01-09 15:45:00', 16, 3),
    (3, '2024-01-09 17:00:00', 17, 4),
    (4, '2024-01-10 10:15:00', 18, 5),
    (1, '2024-01-10 14:45:00', 19, 6),
    (5, '2024-01-11 10:00:00', 20, 7),
    (3, '2024-01-11 10:45:00', 21, 8),
    (4, '2024-01-11 11:30:00', 22, 1),
    (1, '2024-01-12 13:15:00', 23, 2),
    (3, '2024-01-12 14:00:00', 24, 4),
    (4, '2024-01-12 14:45:00', 25, 6);

INSERT INTO habit_record (user_id, record_time, sugar_content, salt_content, fat_content)
VALUES
    (1, '2024-01-05 12:30:00', 10, 5, 8),
    (5, '2024-01-05 13:45:00', 15, 7, 12),
    (3, '2024-01-05 14:20:00', 8, 3, 10),
    (4, '2024-01-05 15:10:00', 12, 6, 9),
    (1, '2024-01-06 09:00:00', 5, 2, 6),
    (5, '2024-01-06 10:30:00', 18, 8, 15),
    (3, '2024-01-06 11:15:00', 9, 4, 11),
    (4, '2024-01-06 12:00:00', 14, 7, 13),
    (1, '2024-01-07 14:45:00', 8, 3, 10),
    (5, '2024-01-07 15:30:00', 20, 10, 18),
    (3, '2024-01-07 16:15:00', 10, 5, 12),
    (4, '2024-01-08 08:30:00', 15, 7, 14),
    (1, '2024-01-08 09:45:00', 6, 3, 8),
    (5, '2024-01-08 10:20:00', 22, 12, 20),
    (3, '2024-01-08 11:30:00', 12, 6, 11),
    (4, '2024-01-09 13:15:00', 10, 5, 9),
    (1, '2024-01-09 14:00:00', 7, 3, 7),
    (5, '2024-01-09 15:30:00', 16, 8, 14),
    (3, '2024-01-09 16:45:00', 11, 5, 10),
    (4, '2024-01-10 10:00:00', 14, 7, 12),
    (1, '2024-01-10 14:30:00', 9, 4, 9),
    (5, '2024-01-11 09:45:00', 17, 9, 16),
    (3, '2024-01-11 10:30:00', 11, 5, 10),
    (4, '2024-01-11 11:15:00', 13, 6, 11),
    (1, '2024-01-12 13:00:00', 8, 4, 8);

INSERT INTO habit_recommendation (user_id, record_time, recommendation_id, food_id)
VALUES
    (1, '2024-01-05 12:30:00', 1, 1),
    (5, '2024-01-05 13:45:00', 2, 3),
    (3, '2024-01-05 14:20:00', 3, 6),
    (4, '2024-01-05 15:10:00', 4, 4),
    (1, '2024-01-06 09:00:00', 5, 2),
    (5, '2024-01-06 10:30:00', 6, 8),
    (3, '2024-01-06 11:15:00', 7, 5),
    (4, '2024-01-06 12:00:00', 8, 7),
    (1, '2024-01-07 14:45:00', 9, 3),
    (5, '2024-01-07 15:30:00', 10, 5),
    (3, '2024-01-07 16:15:00', 11, 4),
    (4, '2024-01-08 08:30:00', 12, 2),
    (1, '2024-01-08 09:45:00', 13, 8),
    (5, '2024-01-08 10:20:00', 14, 7),
    (3, '2024-01-08 11:30:00', 15, 1),
    (4, '2024-01-09 13:15:00', 16, 3),
    (1, '2024-01-09 14:00:00', 17, 4),
    (5, '2024-01-09 15:30:00', 18, 5),
    (3, '2024-01-09 16:45:00', 19, 6),
    (4, '2024-01-10 10:00:00', 20, 7),
    (1, '2024-01-10 14:30:00', 21, 8),
    (5, '2024-01-11 09:45:00', 22, 1),
    (3, '2024-01-11 10:30:00', 23, 2),
    (4, '2024-01-11 11:15:00', 24, 3),
    (1, '2024-01-12 13:00:00', 25, 4);

INSERT INTO region_recommendation (user_id, recommendation_time, recommendation)
VALUES
    (1, '2024-01-05 12:45:00', 'Explore the local farmers market for fresh produce.'),
    (5, '2024-01-05 14:00:00', 'Try the new restaurant in your neighborhood for a unique dining experience.'),
    (3, '2024-01-05 14:35:00', 'Visit the community center for fitness classes and social events.'),
    (4, '2024-01-05 15:25:00', 'Check out the parks nearby for outdoor activities and relaxation.'),
    (1, '2024-01-06 09:15:00', 'Join a local cooking class to learn new recipes and culinary skills.'),
    (5, '2024-01-06 11:30:00', 'Attend a cultural event happening in your area for a diverse experience.'),
    (3, '2024-01-06 12:15:00', 'Explore the hiking trails in the nearby mountains for a refreshing adventure.'),
    (4, '2024-01-07 15:00:00', 'Visit the historical landmarks in your city for a trip back in time.'),
    (1, '2024-01-07 15:45:00', 'Discover local art galleries showcasing the work of talented artists.'),
    (5, '2024-01-07 16:30:00', 'Join a local sports club for fitness and community engagement.'),
    (3, '2024-01-08 08:45:00', 'Attend a neighborhood cleanup event to contribute to a cleaner environment.'),
    (4, '2024-01-08 10:00:00', 'Explore nearby cafes and coffee shops for a cozy and relaxing atmosphere.'),
    (1, '2024-01-08 11:45:00', 'Volunteer at a local charity or community organization to give back.'),
    (5, '2024-01-09 13:30:00', 'Join a book club in your area for literary discussions and new friendships.'),
    (3, '2024-01-09 14:15:00', 'Participate in a local farmers market to support local farmers and artisans.'),
    (4, '2024-01-09 15:45:00', 'Visit the local library for a quiet space to read and study.'),
    (1, '2024-01-10 10:15:00', 'Attend a music concert or performance happening in your city.'),
    (5, '2024-01-10 14:45:00', 'Explore the scenic spots in your region for photography opportunities.'),
    (3, '2024-01-11 10:00:00', 'Join a community gardening project to connect with nature.'),
    (4, '2024-01-11 11:15:00', 'Take a walking tour of the historical districts in your city.'),
    (1, '2024-01-12 13:15:00', 'Attend a local fitness class or yoga session for health and wellness.'),
    (5, '2024-01-12 14:00:00', 'Participate in a local charity run or walk for a good cause.'),
    (3, '2024-01-12 14:45:00', 'Visit the local museum to learn about the history and culture of your region.'),
    (4, '2024-01-13 09:30:00', 'Explore nearby nature reserves for bird watching and tranquility.');

INSERT INTO job_recommendation (user_id, recommendation_time, recommendation)
VALUES
    (1, '2024-01-05 12:45:00', 'Explore online courses to enhance your skills in web development.'),
    (5, '2024-01-05 14:00:00', 'Attend networking events to connect with professionals in your industry.'),
    (3, '2024-01-05 14:35:00', 'Consider joining a professional organization related to your field.'),
    (4, '2024-01-05 15:25:00', 'Update your resume and LinkedIn profile to highlight your achievements.'),
    (1, '2024-01-06 09:15:00', 'Research industry trends to stay informed about new opportunities.'),
    (5, '2024-01-06 11:30:00', 'Seek mentorship from experienced professionals in your field.'),
    (3, '2024-01-06 12:15:00', 'Attend career fairs to explore job opportunities and make connections.'),
    (4, '2024-01-07 15:00:00', 'Consider further education or certifications to advance your career.'),
    (1, '2024-01-07 15:45:00', 'Set career goals and create a plan to achieve them.'),
    (5, '2024-01-07 16:30:00', 'Update your professional portfolio with recent projects and achievements.'),
    (3, '2024-01-08 08:45:00', 'Volunteer for projects that align with your career interests.'),
    (4, '2024-01-08 10:00:00', 'Join online forums or communities related to your profession.'),
    (1, '2024-01-08 11:45:00', 'Seek feedback on your work to identify areas for improvement.'),
    (5, '2024-01-09 13:30:00', 'Attend workshops and seminars to expand your knowledge.'),
    (3, '2024-01-09 14:15:00', 'Consider a side project to showcase your skills and creativity.'),
    (4, '2024-01-09 15:45:00', 'Connect with alumni from your university for potential career opportunities.'),
    (1, '2024-01-10 10:15:00', 'Stay updated on job listings in your field and apply proactively.'),
    (5, '2024-01-10 14:45:00', 'Explore freelancing opportunities to gain diverse experience.'),
    (3, '2024-01-11 10:00:00', 'Build a professional online presence through blogging or social media.'),
    (4, '2024-01-11 11:15:00', 'Evaluate your work-life balance and make adjustments for well-being.'),
    (1, '2024-01-12 13:15:00', 'Attend industry conferences to network and learn from experts.'),
    (5, '2024-01-12 14:00:00', 'Seek feedback from colleagues to enhance collaboration and communication skills.'),
    (3, '2024-01-12 14:45:00', 'Explore leadership training programs for career advancement.'),
    (4, '2024-01-13 09:30:00', 'Research companies with a culture that aligns with your values.');
